event_time,event_type,product_id,category_id,category_code,brand,price,user_id,user_session
2019-12-01 00:00:00 UTC,remove_from_cart,5712790,1487580005268456287,,f.o.x,6.27,576802932,51d85cb0-897f-48d2-918b-ad63965c12dc
2019-12-01 00:00:00 UTC,view,5764655,1487580005411062629,,cnd,29.05,412120092,8adff31e-2051-4894-9758-224bfa8aec18
2019-12-01 00:00:02 UTC,cart,4958,1487580009471148064,,runail,1.19,494077766,c99a50e8-2fac-4c4d-89ec-41c05f114554
2019-12-01 00:00:05 UTC,view,5848413,1487580007675986893,,freedecor,0.79,348405118,722ffea5-73c0-4924-8e8f-371ff8031af4
2019-12-01 00:00:07 UTC,view,5824148,1487580005511725929,,,5.56,576005683,28172809-7e4a-45ce-bab0-5efa90117cd5
2019-12-01 00:00:09 UTC,view,5773361,1487580005134238553,,runail,2.62,560109803,38cf4ba1-4a0a-4c9e-b870-46685d105f95
2019-12-01 00:00:18 UTC,cart,5629988,1487580009311764506,,,1.19,579966747,1512be50-d0fd-4a92-bcd8-3ea3943f2a3b
2019-12-01 00:00:22 UTC,view,5807805,1487580005713052531,,ingarden,4.44,576005683,28172809-7e4a-45ce-bab0-5efa90117cd5
2019-12-01 00:00:27 UTC,view,5588608,1487580008145748965,,roubloff,5.40,546170008,676d9fcc-2a4f-4448-b49d-136f2e4208c1
2019-12-01 00:00:34 UTC,cart,5335,1487580009605365797,,runail,0.40,494077766,c99a50e8-2fac-4c4d-89ec-41c05f114554
2019-12-01 00:00:40 UTC,cart,5755170,1487580009387261981,,,2.79,579751441,8de492d7-0937-47ae-be2c-a7615aec2b0d
2019-12-01 00:00:44 UTC,remove_from_cart,5650294,1487580007835370453,,metzger,3.33,576802932,51d85cb0-897f-48d2-918b-ad63965c12dc
2019-12-01 00:00:45 UTC,cart,5755170,1487580009387261981,,,2.79,579751441,8de492d7-0937-47ae-be2c-a7615aec2b0d
2019-12-01 00:00:46 UTC,remove_from_cart,5692261,1487580007835370453,,staleks,6.35,576802932,51d85cb0-897f-48d2-918b-ad63965c12dc
2019-12-01 00:00:46 UTC,view,5798929,1783999068909863670,,zinger,6.19,579966747,1512be50-d0fd-4a92-bcd8-3ea3943f2a3b
2019-12-01 00:00:46 UTC,cart,5755170,1487580009387261981,,,2.79,579751441,8de492d7-0937-47ae-be2c-a7615aec2b0d
2019-12-01 00:00:49 UTC,remove_from_cart,5694628,1487580007835370453,,yoko,3.65,576802932,51d85cb0-897f-48d2-918b-ad63965c12dc
2019-12-01 00:00:50 UTC,view,3936,1487580005343953762,,entity,10.95,579969717,006dd2fb-ae1e-4461-985a-d4e70ca64543
2019-12-01 00:00:52 UTC,cart,5761411,1487580007432717250,,ingarden,2.86,494077766,c99a50e8-2fac-4c4d-89ec-41c05f114554
2019-12-01 00:00:58 UTC,cart,5761411,1487580007432717250,,ingarden,2.86,494077766,c99a50e8-2fac-4c4d-89ec-41c05f114554
2019-12-01 00:00:58 UTC,view,5817779,1487580010872045658,,irisk,0.79,576802932,f7257a5b-5449-4136-aa56-e373f484ffa2
2019-12-01 00:01:01 UTC,view,5832416,1487580009471148064,,,0.95,576802932,01dbbcc3-b26b-4bed-bce4-1b506725a351
2019-12-01 00:01:02 UTC,view,5706778,1487580005268456287,,beautix,14.13,564257889,a4248817-8d0d-4dac-96e6-a586563308de
2019-12-01 00:01:11 UTC,view,5849033,1487580005092295511,,uno,10.32,562651624,f8783526-2382-454b-b417-fa48d371030f
2019-12-01 00:01:15 UTC,cart,5904369,1487580007675986893,,,1.59,348405118,722ffea5-73c0-4924-8e8f-371ff8031af4
2019-12-01 00:01:16 UTC,view,5881896,1487580011903844485,,,3.63,537197314,1fc5bdf5-a94f-4e5f-8283-215b3fed14c1
2019-12-01 00:01:16 UTC,remove_from_cart,5742926,1487580006317032337,,yoko,21.78,576802932,51d85cb0-897f-48d2-918b-ad63965c12dc
2019-12-01 00:01:19 UTC,cart,5600449,1487580008145748965,,roubloff,15.38,546170008,676d9fcc-2a4f-4448-b49d-136f2e4208c1
2019-12-01 00:01:19 UTC,view,5614842,1487580005411062629,,cnd,13.56,412120092,8adff31e-2051-4894-9758-224bfa8aec18
2019-12-01 00:01:22 UTC,cart,5666749,1487580009076883471,,philips,3.43,494077766,c99a50e8-2fac-4c4d-89ec-41c05f114554
2019-12-01 00:01:22 UTC,view,5847872,1487580006317032337,,,7.94,576802932,d3809963-53ce-47fd-88c0-21afda8c90ca
2019-12-01 00:01:34 UTC,remove_from_cart,5847872,1487580006317032337,,,7.94,576802932,51d85cb0-897f-48d2-918b-ad63965c12dc
2019-12-01 00:01:44 UTC,cart,5862564,1487580008145748965,,roubloff,1.71,546170008,676d9fcc-2a4f-4448-b49d-136f2e4208c1
2019-12-01 00:01:47 UTC,view,5732026,1487580011970953351,furniture.bathroom.bath,domix,4.16,509445281,91e9d610-759a-4831-b89a-22f2ab5fbc0f
2019-12-01 00:01:50 UTC,view,5795703,1487580005268456287,,,10.95,556579890,1d94a188-7fa5-4c52-a9fc-99abf8b4838f
2019-12-01 00:01:51 UTC,view,5859489,1487580005671109489,,masura,1.73,521863546,50040a3b-8a81-483d-b0e8-8152821701f8
2019-12-01 00:01:52 UTC,cart,5700046,1487580009286598681,,runail,0.40,576802932,51d85cb0-897f-48d2-918b-ad63965c12dc
2019-12-01 00:01:52 UTC,cart,5700046,1487580009286598681,,runail,0.40,576802932,51d85cb0-897f-48d2-918b-ad63965c12dc
2019-12-01 00:01:58 UTC,view,5810157,1487580009445982239,,irisk,1.43,494077766,c99a50e8-2fac-4c4d-89ec-41c05f114554
2019-12-01 00:02:16 UTC,view,5899850,2115334439910245200,,,4.46,538507783,177b9f5a-9ef3-4e11-b31e-6efd86a9bff2
2019-12-01 00:02:16 UTC,cart,5862313,1487580007675986893,,freedecor,0.79,348405118,722ffea5-73c0-4924-8e8f-371ff8031af4
2019-12-01 00:02:18 UTC,remove_from_cart,5772301,1602943681873052386,,grattol,4.76,492321842,d1d89629-a5f8-4aab-b42e-e8c30756396f
2019-12-01 00:02:19 UTC,remove_from_cart,5772301,1602943681873052386,,grattol,4.76,492321842,d1d89629-a5f8-4aab-b42e-e8c30756396f
2019-12-01 00:02:25 UTC,view,5772301,1602943681873052386,,grattol,4.76,492321842,d1d89629-a5f8-4aab-b42e-e8c30756396f
2019-12-01 00:02:32 UTC,view,5817700,1487580010821714008,,,0.71,576802932,7df52373-e255-4889-9d68-e05a7f119cca
2019-12-01 00:02:34 UTC,cart,5798924,1783999068867920626,,zinger,3.97,579966747,1512be50-d0fd-4a92-bcd8-3ea3943f2a3b
2019-12-01 00:02:34 UTC,view,5695827,1487580010821714008,,ingarden,0.79,576802932,3abf05f0-0368-48a2-baa7-62562aed1481
2019-12-01 00:02:36 UTC,view,5590822,1487580006300255120,,strong,194.44,509449396,35baf72e-d65a-422b-8d46-d62a52985877
2019-12-01 00:02:40 UTC,view,5800015,1487580005092295511,,,8.89,555150103,66f40972-7d43-4204-877a-32ee1b1df991
2019-12-01 00:02:40 UTC,view,5849033,1487580005092295511,,uno,10.32,562651624,f8783526-2382-454b-b417-fa48d371030f
2019-12-01 00:02:41 UTC,cart,5810157,1487580009445982239,,irisk,1.43,494077766,c99a50e8-2fac-4c4d-89ec-41c05f114554
2019-12-01 00:02:41 UTC,view,5798929,1783999068909863670,,zinger,6.19,579966747,1512be50-d0fd-4a92-bcd8-3ea3943f2a3b
2019-12-01 00:02:42 UTC,view,5746846,2193074740686488401,furniture.bathroom.bath,irisk,52.70,579970581,0b92a801-25d8-4da5-b514-fda26db3faae
2019-12-01 00:02:46 UTC,view,72433,1487580011996119176,,skinlite,4.75,537197314,cf789c07-983d-4a56-a093-fa21b22453e0
2019-12-01 00:02:49 UTC,cart,5693501,1487580009445982239,,,0.60,579751441,8de492d7-0937-47ae-be2c-a7615aec2b0d
2019-12-01 00:02:49 UTC,cart,5693501,1487580009445982239,,,0.60,579751441,8de492d7-0937-47ae-be2c-a7615aec2b0d
2019-12-01 00:02:54 UTC,remove_from_cart,5695827,1487580010821714008,,ingarden,0.79,576802932,51d85cb0-897f-48d2-918b-ad63965c12dc
2019-12-01 00:03:02 UTC,view,5808510,1487580013522845895,,irisk,0.56,568755469,5e4fa4e9-0b52-441e-a2a2-b444bf0e1a6c
2019-12-01 00:03:08 UTC,remove_from_cart,5830545,1487580005671109489,,masura,1.60,561162056,39cf2227-03ed-421e-9615-7814b9b3c5e6
2019-12-01 00:03:08 UTC,remove_from_cart,5839671,1487580005671109489,,masura,2.19,561162056,39cf2227-03ed-421e-9615-7814b9b3c5e6
2019-12-01 00:03:08 UTC,remove_from_cart,5859482,1487580005671109489,,masura,1.60,561162056,39cf2227-03ed-421e-9615-7814b9b3c5e6
2019-12-01 00:03:08 UTC,remove_from_cart,5859482,1487580005671109489,,masura,1.60,561162056,39cf2227-03ed-421e-9615-7814b9b3c5e6
2019-12-01 00:03:08 UTC,remove_from_cart,5839671,1487580005671109489,,masura,2.19,561162056,39cf2227-03ed-421e-9615-7814b9b3c5e6
2019-12-01 00:03:09 UTC,remove_from_cart,5830545,1487580005671109489,,masura,1.60,561162056,39cf2227-03ed-421e-9615-7814b9b3c5e6
2019-12-01 00:03:10 UTC,remove_from_cart,5817779,1487580010872045658,,irisk,0.79,576802932,51d85cb0-897f-48d2-918b-ad63965c12dc
2019-12-01 00:03:10 UTC,remove_from_cart,5859482,1487580005671109489,,masura,1.60,561162056,39cf2227-03ed-421e-9615-7814b9b3c5e6
2019-12-01 00:03:10 UTC,remove_from_cart,5859482,1487580005671109489,,masura,1.60,561162056,39cf2227-03ed-421e-9615-7814b9b3c5e6
2019-12-01 00:03:12 UTC,cart,5860196,1487580007776650194,,,0.63,579297642,b4a9e242-2322-453a-a0f3-f8217f17ae37
2019-12-01 00:03:13 UTC,remove_from_cart,5830501,1487580005671109489,,masura,3.67,561162056,39cf2227-03ed-421e-9615-7814b9b3c5e6
2019-12-01 00:03:13 UTC,remove_from_cart,5830501,1487580005671109489,,masura,3.67,561162056,39cf2227-03ed-421e-9615-7814b9b3c5e6
2019-12-01 00:03:16 UTC,cart,5826809,1487580009445982239,,,0.63,494077766,c99a50e8-2fac-4c4d-89ec-41c05f114554
2019-12-01 00:03:17 UTC,cart,5904747,1487580007675986893,,,1.59,348405118,722ffea5-73c0-4924-8e8f-371ff8031af4
2019-12-01 00:03:17 UTC,view,5897920,1783999072332415142,,,6.67,579970736,89386b8a-30da-4f05-a42c-7e4642ee43a4
2019-12-01 00:03:22 UTC,view,5798924,1783999068867920626,,zinger,3.97,579966747,1512be50-d0fd-4a92-bcd8-3ea3943f2a3b
2019-12-01 00:03:24 UTC,view,5732028,1487580012021285001,,domix,7.49,509445281,91e9d610-759a-4831-b89a-22f2ab5fbc0f
2019-12-01 00:03:25 UTC,view,5771114,1487580005511725929,,,4.27,509636330,4e930dc6-7cf6-419f-8297-1edd6cd20890
2019-12-01 00:03:27 UTC,view,5798929,1783999068909863670,,zinger,6.19,579966747,1512be50-d0fd-4a92-bcd8-3ea3943f2a3b
2019-12-01 00:03:31 UTC,view,5835860,1487580011383750769,,,1.59,505969628,4f353758-391a-4061-82f7-4402fa1aee4d
2019-12-01 00:03:32 UTC,cart,5798929,1783999068909863670,,zinger,6.19,579966747,1512be50-d0fd-4a92-bcd8-3ea3943f2a3b
2019-12-01 00:03:33 UTC,view,5809894,1602943681873052386,,grattol,4.76,576802932,d6e43073-51d6-46ca-ae35-b3d9ffbbae92
2019-12-01 00:03:33 UTC,cart,5744424,1487580009445982239,,,0.83,579751441,8de492d7-0937-47ae-be2c-a7615aec2b0d
2019-12-01 00:03:35 UTC,cart,5742717,1487580009605365797,,,1.90,494077766,c99a50e8-2fac-4c4d-89ec-41c05f114554
2019-12-01 00:03:35 UTC,cart,5744425,1487580009445982239,,,0.83,579751441,8de492d7-0937-47ae-be2c-a7615aec2b0d
2019-12-01 00:03:36 UTC,view,5852392,1487580005713052531,,ingarden,4.44,576802932,3095a4c1-2ee0-4703-9086-7b5c0bfc51a6
2019-12-01 00:03:38 UTC,view,5836528,1487580013522845895,,nagaraku,0.95,579752970,f6f0665c-374b-457e-8d41-4ba3fd7ee7e1
2019-12-01 00:03:39 UTC,view,5819251,1487580005713052531,,ingarden,4.44,576802932,7913ecd0-35ae-4a3e-9f98-3d6e74282356
2019-12-01 00:03:43 UTC,view,5819241,1487580005713052531,,ingarden,4.44,576802932,715aa910-f8ac-4400-a434-4cb66d75ce29
2019-12-01 00:03:44 UTC,view,5788779,1487580013069861041,,italwax,18.25,564201910,5bd2a17b-6139-4eac-8e68-ac088c397f29
2019-12-01 00:03:46 UTC,view,5590822,1487580006300255120,,strong,194.44,509449396,35baf72e-d65a-422b-8d46-d62a52985877
2019-12-01 00:03:47 UTC,view,72433,1487580011996119176,,skinlite,4.75,537197314,5ffe1721-5efc-498f-817a-1678b27888e8
2019-12-01 00:03:48 UTC,view,5884577,1487580006350586771,appliances.environment.vacuum,max,47.46,499259978,4ee80bbb-17cb-447d-9188-9aa306db3481
2019-12-01 00:03:49 UTC,remove_from_cart,5899853,2115334439910245200,,,4.46,579950721,f39acf4b-11d5-479d-84a7-04f5bc6255ce
2019-12-01 00:03:49 UTC,remove_from_cart,5899853,2115334439910245200,,,4.46,579950721,f39acf4b-11d5-479d-84a7-04f5bc6255ce
2019-12-01 00:03:52 UTC,remove_from_cart,5884031,1487580008347075566,,,3.97,579950721,f39acf4b-11d5-479d-84a7-04f5bc6255ce
2019-12-01 00:03:52 UTC,remove_from_cart,5884031,1487580008347075566,,,3.97,579950721,f39acf4b-11d5-479d-84a7-04f5bc6255ce
2019-12-01 00:03:53 UTC,view,5765554,1487580012021285001,,domix,10.98,509445281,91e9d610-759a-4831-b89a-22f2ab5fbc0f
2019-12-01 00:03:55 UTC,remove_from_cart,5884014,1487580008347075566,,,3.89,579950721,f39acf4b-11d5-479d-84a7-04f5bc6255ce
2019-12-01 00:03:56 UTC,view,5655060,1487580008145748965,,,1.43,556730134,69cb4692-f76e-4daa-9517-9ca73f932936
2019-12-01 00:03:56 UTC,remove_from_cart,5884014,1487580008347075566,,,3.89,579950721,f39acf4b-11d5-479d-84a7-04f5bc6255ce
2019-12-01 00:03:58 UTC,remove_from_cart,5884285,1487580013413793985,,,4.16,579950721,f39acf4b-11d5-479d-84a7-04f5bc6255ce
2019-12-01 00:03:58 UTC,view,5844670,1487580007852147670,,bluesky,0.79,566276261,8924e013-a5be-4c34-952e-c5559f179a8d
2019-12-01 00:03:58 UTC,view,5752488,1487580005511725929,,,4.27,576802932,d08ec8c2-f536-499b-96af-087c831d1715
2019-12-01 00:03:59 UTC,remove_from_cart,5884071,2115334439910245200,,,3.67,579950721,f39acf4b-11d5-479d-84a7-04f5bc6255ce
2019-12-01 00:04:00 UTC,view,5700843,1487580007936033754,,irisk,0.24,482493001,3a269176-01d2-45ba-bd88-0bdeb8893f66
2019-12-01 00:04:02 UTC,remove_from_cart,5884086,1487580005092295511,,,4.75,579950721,f39acf4b-11d5-479d-84a7-04f5bc6255ce
2019-12-01 00:04:02 UTC,remove_from_cart,5884086,1487580005092295511,,,4.75,579950721,f39acf4b-11d5-479d-84a7-04f5bc6255ce
2019-12-01 00:04:02 UTC,view,5797799,1638456119066100510,,pole,4.11,509636330,4e930dc6-7cf6-419f-8297-1edd6cd20890
2019-12-01 00:04:08 UTC,cart,5844670,1487580007852147670,,bluesky,0.79,566276261,8924e013-a5be-4c34-952e-c5559f179a8d
2019-12-01 00:04:08 UTC,view,5567936,1487580005595612013,,,3.00,576802932,d20580ef-bb92-4e0c-bfa6-68b79071598c
2019-12-01 00:04:11 UTC,cart,5795703,1487580005268456287,,,10.95,556579890,1d94a188-7fa5-4c52-a9fc-99abf8b4838f
2019-12-01 00:04:16 UTC,view,5797800,1638456119066100510,,pole,4.11,509636330,4e930dc6-7cf6-419f-8297-1edd6cd20890
2019-12-01 00:04:18 UTC,view,5839635,1487580005671109489,,masura,2.37,576005683,28172809-7e4a-45ce-bab0-5efa90117cd5
2019-12-01 00:04:19 UTC,view,5855507,1487580006350586771,appliances.environment.vacuum,max,79.21,499259978,4ee80bbb-17cb-447d-9188-9aa306db3481
2019-12-01 00:04:21 UTC,view,5869134,1783999064136745198,,cosmoprofi,6.35,560109803,38cf4ba1-4a0a-4c9e-b870-46685d105f95
2019-12-01 00:04:21 UTC,cart,5904253,1487580007675986893,,,1.59,348405118,722ffea5-73c0-4924-8e8f-371ff8031af4
2019-12-01 00:04:28 UTC,remove_from_cart,5567936,1487580005595612013,,,3.00,576802932,51d85cb0-897f-48d2-918b-ad63965c12dc
2019-12-01 00:04:31 UTC,remove_from_cart,5752488,1487580005511725929,,,4.27,576802932,51d85cb0-897f-48d2-918b-ad63965c12dc
2019-12-01 00:04:34 UTC,cart,5848387,1752742615205281895,,severina,1.06,579966747,1512be50-d0fd-4a92-bcd8-3ea3943f2a3b
2019-12-01 00:04:35 UTC,remove_from_cart,5852392,1487580005713052531,,ingarden,4.44,576802932,51d85cb0-897f-48d2-918b-ad63965c12dc
2019-12-01 00:04:38 UTC,remove_from_cart,5809894,1602943681873052386,,grattol,4.76,576802932,51d85cb0-897f-48d2-918b-ad63965c12dc
2019-12-01 00:04:38 UTC,view,5884237,1487580007675986893,,,1.75,348405118,722ffea5-73c0-4924-8e8f-371ff8031af4
2019-12-01 00:04:38 UTC,cart,5818467,1487580009445982239,,,0.98,579751441,8de492d7-0937-47ae-be2c-a7615aec2b0d
2019-12-01 00:04:39 UTC,view,5794157,1487580005671109489,,masura,1.73,576005683,28172809-7e4a-45ce-bab0-5efa90117cd5
2019-12-01 00:04:40 UTC,cart,5818467,1487580009445982239,,,0.98,579751441,8de492d7-0937-47ae-be2c-a7615aec2b0d
2019-12-01 00:04:44 UTC,view,5618215,1487580005595612013,,,4.29,509636330,4e930dc6-7cf6-419f-8297-1edd6cd20890
2019-12-01 00:04:46 UTC,view,5833325,1487580007675986893,,bpw.style,1.59,576802932,13356184-6d32-4742-8a5e-9f62587ce272
2019-12-01 00:04:49 UTC,view,5696895,1487580012021285001,,severina,5.71,509445281,91e9d610-759a-4831-b89a-22f2ab5fbc0f
2019-12-01 00:04:49 UTC,view,5833330,1487580007675986893,,bpw.style,0.95,576802932,66a54679-ef2e-4ff7-a72d-b6c30d2e09e6
2019-12-01 00:04:50 UTC,view,5833326,1487580007675986893,,bpw.style,1.59,576802932,8dc6aedb-b9d0-4c5d-88c5-be79839339c9
2019-12-01 00:04:51 UTC,cart,3978,1487580005411062629,,cnd,29.05,412120092,8adff31e-2051-4894-9758-224bfa8aec18
2019-12-01 00:04:59 UTC,remove_from_cart,5764656,1487580005411062629,,cnd,19.37,412120092,8adff31e-2051-4894-9758-224bfa8aec18
2019-12-01 00:05:00 UTC,cart,5809616,1487580005595612013,,,3.02,538507783,177b9f5a-9ef3-4e11-b31e-6efd86a9bff2
2019-12-01 00:05:06 UTC,cart,5818473,1487580009445982239,,,0.98,579751441,8de492d7-0937-47ae-be2c-a7615aec2b0d
2019-12-01 00:05:08 UTC,view,5740530,1487580005671109489,,masura,3.95,576005683,28172809-7e4a-45ce-bab0-5efa90117cd5
2019-12-01 00:05:08 UTC,cart,5818473,1487580009445982239,,,0.98,579751441,8de492d7-0937-47ae-be2c-a7615aec2b0d
2019-12-01 00:05:09 UTC,view,5655060,1487580008145748965,,,1.43,579966747,1512be50-d0fd-4a92-bcd8-3ea3943f2a3b
2019-12-01 00:05:11 UTC,remove_from_cart,5833325,1487580007675986893,,bpw.style,1.59,576802932,51d85cb0-897f-48d2-918b-ad63965c12dc
2019-12-01 00:05:13 UTC,remove_from_cart,5833330,1487580007675986893,,bpw.style,0.95,576802932,51d85cb0-897f-48d2-918b-ad63965c12dc
2019-12-01 00:05:14 UTC,view,5884578,1487580006350586771,appliances.environment.vacuum,max,63.33,499259978,4ee80bbb-17cb-447d-9188-9aa306db3481
2019-12-01 00:05:15 UTC,remove_from_cart,5833326,1487580007675986893,,bpw.style,1.59,576802932,51d85cb0-897f-48d2-918b-ad63965c12dc
2019-12-01 00:05:15 UTC,view,5818359,1487580013615120588,,igrobeauty,2.14,407458156,16718a99-e720-43c1-add1-8ab4a21aa362
2019-12-01 00:05:17 UTC,remove_from_cart,5901627,1487580007675986893,,freedecor,2.38,576802932,51d85cb0-897f-48d2-918b-ad63965c12dc
2019-12-01 00:05:20 UTC,view,5837618,1487580007675986893,,,1.75,576802932,71220b28-e16d-4591-b31c-f1261686af9a
2019-12-01 00:05:20 UTC,cart,5754991,1487580005092295511,,,6.19,579950721,f39acf4b-11d5-479d-84a7-04f5bc6255ce
2019-12-01 00:05:22 UTC,view,5786619,1783999068867920626,,smart,8.73,480805356,83d02183-2b88-4e56-9dae-38997b3713a3
2019-12-01 00:05:24 UTC,view,5848901,1487580007675986893,,bpw.style,1.27,576802932,95d3fade-5f85-46f6-867d-572c2b9cf92c
2019-12-01 00:05:24 UTC,view,5906118,1487580007675986893,,bpw.style,1.27,576802932,847d151b-a60f-47f3-8a55-fa529c84a513
2019-12-01 00:05:25 UTC,view,5816169,1602943681873052386,,grattol,5.24,492321842,d1d89629-a5f8-4aab-b42e-e8c30756396f
2019-12-01 00:05:29 UTC,cart,5655060,1487580008145748965,,,1.43,579966747,1512be50-d0fd-4a92-bcd8-3ea3943f2a3b
2019-12-01 00:05:30 UTC,cart,5818477,1487580009445982239,,,0.98,579751441,8de492d7-0937-47ae-be2c-a7615aec2b0d
2019-12-01 00:05:31 UTC,view,5550690,1487580008145748965,,,2.19,556730134,c07124c4-f465-4ab3-b1ab-2ab44c84fb1b
2019-12-01 00:05:31 UTC,cart,5818477,1487580009445982239,,,0.98,579751441,8de492d7-0937-47ae-be2c-a7615aec2b0d
2019-12-01 00:05:34 UTC,view,5852352,1982860263572898112,,,15.87,579971318,f6948303-0652-4b7b-91f0-7bd72a16b9b8
2019-12-01 00:05:35 UTC,view,5736365,1487580005713052531,,ingarden,4.44,509636330,4e930dc6-7cf6-419f-8297-1edd6cd20890
2019-12-01 00:05:37 UTC,cart,5818468,1487580009445982239,,,0.98,579751441,8de492d7-0937-47ae-be2c-a7615aec2b0d
2019-12-01 00:05:41 UTC,cart,5818468,1487580009445982239,,,0.98,579751441,8de492d7-0937-47ae-be2c-a7615aec2b0d
2019-12-01 00:05:43 UTC,remove_from_cart,5848901,1487580007675986893,,bpw.style,1.27,576802932,51d85cb0-897f-48d2-918b-ad63965c12dc
2019-12-01 00:05:48 UTC,view,5908193,1487580007675986893,,,1.43,576802932,5e4912a5-2061-47b8-be5e-5f4d4008c90a
2019-12-01 00:05:50 UTC,view,5841799,1487580009471148064,,,0.13,579971396,7d38e63e-b344-40ec-afdc-dc90ffafd44f
2019-12-01 00:05:51 UTC,view,5908186,1487580007675986893,,,1.43,576802932,c898753f-d41a-4efc-99bb-17c8bfe98d30
2019-12-01 00:05:51 UTC,view,5899929,2115334439910245200,,,3.32,579971401,fc150d71-2924-4bb2-8c56-efbbcb0c7a8a
2019-12-01 00:05:53 UTC,view,5685798,1487580009445982239,,irisk,0.16,544461907,c1aa42ab-d836-4ba0-baed-bea50d5f5bdb
2019-12-01 00:05:54 UTC,cart,5550690,1487580008145748965,,,2.19,556730134,c07124c4-f465-4ab3-b1ab-2ab44c84fb1b
2019-12-01 00:05:54 UTC,view,5908219,1487580007675986893,,,1.43,576802932,de265512-69df-42b8-bc6a-986ccfa8dbf9
2019-12-01 00:05:56 UTC,view,5819125,1487580007675986893,,bpw.style,1.27,576802932,fa69c7bd-9ef4-4f4f-bed2-39fcb0ab244c
2019-12-01 00:05:57 UTC,view,5809910,1602943681873052386,,grattol,5.24,579971425,548fb6a4-639a-4157-83c6-d43f80eceb12
2019-12-01 00:05:57 UTC,view,5908180,1487580007675986893,,,1.43,576802932,aa4ecc86-dffc-4292-ab04-618a2659d015
2019-12-01 00:06:04 UTC,cart,5904271,1487580007675986893,,,1.59,348405118,722ffea5-73c0-4924-8e8f-371ff8031af4
2019-12-01 00:06:11 UTC,cart,5808174,1487580009445982239,,zinger,1.19,579751441,8de492d7-0937-47ae-be2c-a7615aec2b0d
2019-12-01 00:06:13 UTC,view,5803519,1783999072332415142,,,14.29,557516335,e8789f83-2fe4-4a97-8967-800dddc518dc
2019-12-01 00:06:13 UTC,view,5900616,1487580007675986893,,freedecor,0.79,578006085,b6f419f7-acde-4223-97f9-2965591e5ee0
2019-12-01 00:06:13 UTC,view,5550688,1487580008145748965,,,1.56,579966747,1512be50-d0fd-4a92-bcd8-3ea3943f2a3b
2019-12-01 00:06:15 UTC,cart,5855089,1487580005553668971,,,7.46,566276261,8924e013-a5be-4c34-952e-c5559f179a8d
2019-12-01 00:06:19 UTC,cart,5722502,1487580007432717250,,,4.76,426074808,6a8f23be-58dc-49e1-bf2b-fda259083980
2019-12-01 00:06:19 UTC,cart,5900616,1487580007675986893,,freedecor,0.79,578006085,b6f419f7-acde-4223-97f9-2965591e5ee0
2019-12-01 00:06:22 UTC,view,5817138,1487580008800059394,,masura,5.54,509636330,4e930dc6-7cf6-419f-8297-1edd6cd20890
2019-12-01 00:06:23 UTC,remove_from_cart,5819125,1487580007675986893,,bpw.style,1.27,576802932,51d85cb0-897f-48d2-918b-ad63965c12dc
2019-12-01 00:06:23 UTC,remove_from_cart,5908219,1487580007675986893,,,1.43,576802932,51d85cb0-897f-48d2-918b-ad63965c12dc
2019-12-01 00:06:24 UTC,cart,5904256,1487580007675986893,,,1.59,348405118,722ffea5-73c0-4924-8e8f-371ff8031af4
2019-12-01 00:06:24 UTC,cart,5799881,1487580010821714008,,,0.57,494077766,c99a50e8-2fac-4c4d-89ec-41c05f114554
2019-12-01 00:06:24 UTC,view,5563754,1487580005595612013,,,3.00,579971401,fc150d71-2924-4bb2-8c56-efbbcb0c7a8a
2019-12-01 00:06:25 UTC,view,5678218,1487580012021285001,,runail,5.08,509445281,91e9d610-759a-4831-b89a-22f2ab5fbc0f
2019-12-01 00:06:27 UTC,cart,5904251,1487580007675986893,,,1.59,348405118,722ffea5-73c0-4924-8e8f-371ff8031af4
2019-12-01 00:06:27 UTC,remove_from_cart,5908180,1487580007675986893,,,1.43,576802932,51d85cb0-897f-48d2-918b-ad63965c12dc
2019-12-02 11:09:24 UTC,view,5687121,1487580007457883075,,irisk,4.92,510669236,91994046-253c-4bc5-b738-b9996ab475e2
2019-12-02 11:09:25 UTC,cart,5730176,1487580004916134735,,,5.71,542031485,8fbcca00-12c3-445f-a9e2-ed1942638fb4
2019-12-02 11:09:26 UTC,view,5809912,1602943681873052386,,grattol,5.24,560692546,e62fe484-ab5d-4800-abf6-92ab3bc33123
2019-12-02 11:09:26 UTC,view,5823456,1487580004916134735,,,5.22,542091742,87dee74b-b3c0-4660-9dbb-c492728c11f5
2019-12-02 11:09:26 UTC,view,5892316,1487580011585077370,,,10.16,423182347,951a30fc-d756-47e6-900b-e8fdc95674a1
2019-12-02 11:09:26 UTC,view,5590916,1487580008145748965,,roubloff,4.44,567404278,54cd70d7-810d-40d6-beea-2f6ba8a7444a
2019-12-02 11:09:26 UTC,view,5865007,1487580007952810971,,zinger,15.08,580785022,c11dda32-b7b2-402b-a929-13336b526834
2019-12-02 11:09:27 UTC,view,5685882,1487580007717929935,,,1.59,533423121,6a836409-7c7d-4970-abfa-6a385da6ea8f
2019-12-02 11:09:28 UTC,view,5726405,1487580005092295511,,,5.56,566226593,182b0b0f-046d-444f-8cd6-5f72293f6a97
2019-12-02 11:09:29 UTC,view,5561494,1487580007852147670,,,10.48,560187895,3c6e0bc7-3e60-4d1e-91e7-ac9641e6298c
2019-12-02 11:09:29 UTC,view,5868476,1487580013027917999,,,4.44,580796602,b1492a74-d162-46da-b242-acf1222db844
2019-12-02 11:09:32 UTC,remove_from_cart,5850371,1487580011702517887,,bioaqua,5.56,548942498,018d1606-191f-439e-b512-894195020ed9
2019-12-02 11:09:32 UTC,remove_from_cart,5850371,1487580011702517887,,bioaqua,5.56,548942498,018d1606-191f-439e-b512-894195020ed9
2019-12-02 11:09:32 UTC,view,5769913,1487580013841613016,,kapous,3.65,471754257,8fa783d0-30f5-4eae-acda-080f22e8921e
2019-12-02 11:09:32 UTC,view,5770050,1487580013841613016,,kapous,2.81,572554548,92e005ea-5e0f-4894-918b-4b18c8e72ea2
2019-12-02 11:09:33 UTC,view,5843166,1487580013749338323,,,23.40,451419549,b9181568-b4c4-4d59-ad7b-0858d2ce2942
2019-12-02 11:09:36 UTC,cart,5853558,1487580005050352469,,haruyama,3.97,577568986,4e3fd52f-fd4c-46dc-9adc-57fc1d4e58ea
2019-12-02 11:09:36 UTC,view,5806549,1487580004916134735,,,10.63,580796650,8cd8afc7-7de3-4b3d-aae9-dbe540dfe39b
2019-12-02 11:09:37 UTC,cart,5847580,1487580009445982239,,,4.70,526691011,256a93b4-7172-412e-85a0-e76bbc420a84
2019-12-02 11:09:37 UTC,view,5823667,1487580008246412266,,kapous,4.98,573807162,3b4281bc-b477-4ada-b2ac-717fd9ac09bd
2019-12-02 11:09:37 UTC,view,5814042,1783999063314661546,,grattol,10.32,564271007,277dc5bf-7208-4a8c-9076-74566b110f7d
2019-12-02 11:09:38 UTC,cart,5847580,1487580009445982239,,,4.70,526691011,256a93b4-7172-412e-85a0-e76bbc420a84
2019-12-02 11:09:39 UTC,cart,5798010,1638456119066100510,,pole,4.11,541411060,2c2d0d5a-fb5c-4ca2-8e60-8d2ead83ec4a
2019-12-02 11:09:39 UTC,view,5773382,1487580005134238553,,runail,2.78,463860141,d5cfb692-bf60-46f5-8163-74e100e42021
2019-12-02 11:09:40 UTC,view,5696103,1487580007432717250,,irisk,5.56,498409163,5e24d1a0-d61c-429d-99e6-8fedba85972d
2019-12-02 11:09:40 UTC,view,5780343,1487580008246412266,,,13.49,580796346,bf5a92ec-cfce-4627-bf92-1f5093e758a4
2019-12-02 11:09:41 UTC,cart,5875508,1487580005092295511,,,2.30,580793175,7e66207a-d6b7-411c-baf9-700d95d32d83
2019-12-02 11:09:42 UTC,view,5800690,1487580007365608384,,,6.19,551322913,a388fc88-42ef-401e-bb13-fdc548506e3e
2019-12-02 11:09:42 UTC,cart,4571,1487580010796548183,,runail,0.38,574321172,6eeb0821-c92d-4b27-9492-6d129f1e09fc
2019-12-02 11:09:43 UTC,view,5561480,1487580007952810971,,,9.05,560187895,214c0cab-96a6-4b40-8159-450cf560596a
2019-12-02 11:09:44 UTC,cart,5762161,1487580009362096156,,,0.87,369367923,b2d39855-2d07-44e5-afc5-2b20c74992ee
2019-12-02 11:09:47 UTC,cart,5858362,1487580011627020412,,,5.84,548942498,018d1606-191f-439e-b512-894195020ed9
2019-12-02 11:09:47 UTC,remove_from_cart,5561488,1487580007952810971,,,10.63,560187895,2eb85707-c6ba-4fbd-ad4f-15b43d87cdc2
2019-12-02 11:09:47 UTC,remove_from_cart,5561488,1487580007952810971,,,10.63,560187895,2eb85707-c6ba-4fbd-ad4f-15b43d87cdc2
2019-12-02 11:09:48 UTC,view,5843817,1487580011534745720,,,2.78,576973133,5744c668-8923-4f04-ac29-277622c6f24c
2019-12-02 11:09:49 UTC,view,5760173,1487580009387261981,,ingarden,4.29,545881777,cf4ccda0-e4c9-4dd3-8cd7-115a1f30c16a
2019-12-02 11:09:49 UTC,view,5862559,1487580008145748965,,roubloff,5.08,580796769,c3498f53-acf4-4603-86b9-f438872aaeb8
2019-12-02 11:09:50 UTC,cart,5908225,1487580007675986893,,,1.43,560139485,35d87fc3-9b65-4e9a-8baf-4befd57b8905
2019-12-02 11:09:51 UTC,view,5803082,1487580013858390233,,kapous,3.49,432307851,093c7873-eb3f-4490-bc31-76188987602f
2019-12-02 11:09:52 UTC,view,5824192,1487580006132482952,,domix,1.05,466061047,d8132465-844f-4331-b78b-8b48d0ac4ea2
2019-12-02 11:09:53 UTC,remove_from_cart,5561556,1487580007952810971,,,12.68,560187895,2eb85707-c6ba-4fbd-ad4f-15b43d87cdc2
2019-12-02 11:09:53 UTC,remove_from_cart,5561556,1487580007952810971,,,12.68,560187895,2eb85707-c6ba-4fbd-ad4f-15b43d87cdc2
2019-12-02 11:09:53 UTC,cart,5881923,2106514244437541443,,freshbubble,3.97,580665421,122c2cec-47b9-491d-a58c-ae3d8cc7f03f
2019-12-02 11:09:53 UTC,view,5751422,1487580005268456287,,uno,10.95,575952630,c0187409-d920-4e81-a022-16da4cb2c187
2019-12-02 11:09:53 UTC,view,5846437,1487580013950664926,,browxenna,45.24,580796802,623192c1-32f0-421d-92b7-0302c026f470
2019-12-02 11:09:55 UTC,view,5687528,1487580013581566154,,estel,5.40,457568907,9a3d5175-eada-43ee-94a6-17f52095c661
2019-12-02 11:09:55 UTC,cart,5724230,1487580005092295511,,,18.25,580761075,fc718cd6-132b-4f7e-ab86-d72d9bee4528
2019-12-02 11:09:56 UTC,view,5858353,2195085255034011676,,severina,1.98,554646267,4f5f97bd-d6c8-479b-8fc8-fd26a53efe61
2019-12-02 11:09:56 UTC,cart,5908226,1487580007675986893,,,1.43,560139485,35d87fc3-9b65-4e9a-8baf-4befd57b8905
2019-12-02 11:09:56 UTC,view,5746400,1487580005754995573,,,4.44,497255065,4e6264df-0901-43c5-9fe7-47599b723ac9
2019-12-02 11:09:57 UTC,view,5815662,1487580006317032337,,,0.92,540269053,46a6e23b-0a8e-44a8-b22f-6568a85e3f5a
2019-12-02 11:10:00 UTC,view,5736285,2195085255176618020,,severina,1.35,554646267,4f5f97bd-d6c8-479b-8fc8-fd26a53efe61
2019-12-02 11:10:01 UTC,view,5870298,1487580013950664926,,estel,3.97,534060105,8a883418-0c5a-4ee0-a8ec-4ab597c7b009
2019-12-02 11:10:01 UTC,view,5866565,1487580005092295511,,,6.19,574669475,3cb624ae-9f24-4c2f-89f0-f7ba97f8ec8a
2019-12-02 11:10:02 UTC,cart,5823668,1487580008246412266,,kapous,7.60,347774461,ee385239-44f9-496e-87ca-c39d63582a07
2019-12-02 11:10:02 UTC,view,5812123,1487580013212467384,,art-visage,4.29,343015943,39e42928-a827-4033-abea-14ef8aa586c9
2019-12-02 11:10:03 UTC,view,5767494,1487580013053083824,stationery.cartrige,italwax,2.14,580796876,f1e1c1b4-5046-40e9-9563-9d2c6adc8b2e
2019-12-02 11:10:03 UTC,cart,5875448,2084144451428549153,,,2.05,580692484,53c70dcd-9877-4374-a5f5-86ec2e30c5bd
2019-12-02 11:10:04 UTC,remove_from_cart,5833330,1487580007675986893,,bpw.style,0.95,449468265,130926ea-637a-4018-bdb0-b06d4c06ceb8
2019-12-02 11:10:04 UTC,remove_from_cart,5833330,1487580007675986893,,bpw.style,0.95,449468265,130926ea-637a-4018-bdb0-b06d4c06ceb8
2019-12-02 11:10:04 UTC,view,5818479,1487580007457883075,,,3.00,510669236,c165aec9-740f-48a8-9828-9ba91f7923dd
2019-12-02 11:10:04 UTC,view,5769908,1487580013841613016,,kapous,3.65,513550887,f2f6b380-1df0-462a-bad5-644d7cd20baf
2019-12-02 11:10:05 UTC,cart,5803082,1487580013858390233,,kapous,3.49,432307851,093c7873-eb3f-4490-bc31-76188987602f
2019-12-02 11:10:05 UTC,remove_from_cart,5862304,1487580007675986893,,freedecor,1.43,449468265,130926ea-637a-4018-bdb0-b06d4c06ceb8
2019-12-02 11:10:05 UTC,remove_from_cart,5862304,1487580007675986893,,freedecor,1.43,449468265,130926ea-637a-4018-bdb0-b06d4c06ceb8
2019-12-02 11:10:05 UTC,remove_from_cart,5900610,1487580007675986893,,freedecor,0.79,449468265,130926ea-637a-4018-bdb0-b06d4c06ceb8
2019-12-02 11:10:06 UTC,remove_from_cart,5900322,1487580007675986893,,freedecor,1.43,449468265,130926ea-637a-4018-bdb0-b06d4c06ceb8
2019-12-02 11:10:06 UTC,remove_from_cart,5900322,1487580007675986893,,freedecor,1.43,449468265,130926ea-637a-4018-bdb0-b06d4c06ceb8
2019-12-02 11:10:06 UTC,remove_from_cart,5900610,1487580007675986893,,freedecor,0.79,449468265,130926ea-637a-4018-bdb0-b06d4c06ceb8
2019-12-02 11:10:06 UTC,view,5725594,1487580010100293687,,sophin,6.51,432489049,369e5e30-eab3-4ad2-b78e-aa132924b262
2019-12-02 11:10:06 UTC,view,5811433,1487580006317032337,,runail,13.02,573640750,cf9d571e-d404-4650-aa8b-47aa8f81eca4
2019-12-02 11:10:06 UTC,cart,4229,1487580005411062629,,cnd,29.05,580793705,0ff7532b-8b0c-4bcf-af2b-42220498cbc9
2019-12-02 11:10:07 UTC,remove_from_cart,5900353,1487580007675986893,,freedecor,1.43,449468265,130926ea-637a-4018-bdb0-b06d4c06ceb8
2019-12-02 11:10:07 UTC,remove_from_cart,5900353,1487580007675986893,,freedecor,1.43,449468265,130926ea-637a-4018-bdb0-b06d4c06ceb8
2019-12-02 11:10:07 UTC,view,5809892,1602943681873052386,,grattol,4.43,368706069,5ea6b90f-36e3-4372-a2d2-1f8823ff07fc
2019-12-02 11:10:07 UTC,view,5677037,1487580008246412266,,estel,7.70,580795288,6e13a0b7-033e-43e2-a192-263a20de3658
2019-12-02 11:10:08 UTC,view,5855282,2195085255034011676,,severina,1.73,554646267,4f5f97bd-d6c8-479b-8fc8-fd26a53efe61
2019-12-02 11:10:08 UTC,remove_from_cart,5735268,1487580005268456287,,haruyama,3.97,449468265,130926ea-637a-4018-bdb0-b06d4c06ceb8
2019-12-02 11:10:08 UTC,remove_from_cart,5735268,1487580005268456287,,haruyama,3.97,449468265,130926ea-637a-4018-bdb0-b06d4c06ceb8
2019-12-02 11:10:08 UTC,remove_from_cart,5742957,1487580009387261981,,,3.81,449468265,130926ea-637a-4018-bdb0-b06d4c06ceb8
2019-12-02 11:10:08 UTC,remove_from_cart,5742957,1487580009387261981,,,3.81,449468265,130926ea-637a-4018-bdb0-b06d4c06ceb8
2019-12-02 11:10:08 UTC,view,5695642,1487580013841613016,,,2.62,580796908,53952809-b001-4ae6-8286-b68b6084769f
2019-12-02 11:10:08 UTC,view,5823502,1487580004916134735,,,4.17,580796911,bafb2ab2-54b2-47b7-b407-108f178812b6
2019-12-02 11:10:09 UTC,view,5838653,1897124478404526487,,,3.29,529995634,abc03c9e-6f9f-4dd1-b852-8a24a5222c56
2019-12-02 11:10:09 UTC,remove_from_cart,5677045,1487580008246412266,,estel,7.70,449468265,130926ea-637a-4018-bdb0-b06d4c06ceb8
2019-12-02 11:10:09 UTC,view,5866964,1487580009051717646,,sunuv,46.03,577636336,694aa10d-7212-4417-ac34-4c4a075ad380
2019-12-02 11:10:09 UTC,view,5844149,1487580008313521133,,,4.60,580796381,50e3ae32-d9c9-455a-b39b-0ed141ab1acb
2019-12-02 11:10:10 UTC,remove_from_cart,5677045,1487580008246412266,,estel,7.70,449468265,130926ea-637a-4018-bdb0-b06d4c06ceb8
2019-12-02 11:10:10 UTC,remove_from_cart,5863843,1542195323827388674,,missha,9.52,449468265,130926ea-637a-4018-bdb0-b06d4c06ceb8
2019-12-02 11:10:10 UTC,remove_from_cart,5863843,1542195323827388674,,missha,9.52,449468265,130926ea-637a-4018-bdb0-b06d4c06ceb8
2019-12-02 11:10:10 UTC,remove_from_cart,5863843,1542195323827388674,,missha,9.52,449468265,130926ea-637a-4018-bdb0-b06d4c06ceb8
2019-12-02 11:10:10 UTC,remove_from_cart,5863843,1542195323827388674,,missha,9.52,449468265,130926ea-637a-4018-bdb0-b06d4c06ceb8
2019-12-02 11:10:10 UTC,view,5889664,1487580011585077370,,,5.24,440229700,0ed5b8d9-dfe8-423d-92ef-eb7fbac8e4cc
2019-12-02 11:10:11 UTC,view,5872994,1783999072332415142,,,11.43,568166964,79fad866-9101-4fd0-901b-a19978268a36
2019-12-02 11:10:12 UTC,view,5766979,1487580013069861041,,italwax,18.25,580674625,c653e85d-6121-46d0-874b-86b49c847ce9
2019-12-02 11:10:12 UTC,cart,5766081,1487580013841613016,,,13.49,580681308,70c1b2ec-bcbd-4db0-90eb-2817a578e008
2019-12-02 11:10:14 UTC,view,5866566,1487580005268456287,,,6.19,574669475,3cb624ae-9f24-4c2f-89f0-f7ba97f8ec8a
2019-12-02 11:10:15 UTC,view,5869143,1783999063314661546,,cosmoprofi,7.94,566577566,d297ad22-e4e6-4701-abc0-94bf3b88d73b
2019-12-02 11:10:16 UTC,cart,5767921,1487580005595612013,,,2.05,580692484,53c70dcd-9877-4374-a5f5-86ec2e30c5bd
2019-12-02 11:10:17 UTC,remove_from_cart,5767368,1487580005092295511,,lianail,5.54,449468265,130926ea-637a-4018-bdb0-b06d4c06ceb8
2019-12-02 11:10:17 UTC,remove_from_cart,5767368,1487580005092295511,,lianail,5.54,449468265,130926ea-637a-4018-bdb0-b06d4c06ceb8
2019-12-02 11:10:17 UTC,view,5852392,1487580005713052531,,ingarden,4.44,192042276,40503f58-6f43-406a-b62d-74121a89091f
2019-12-02 11:10:19 UTC,cart,5876792,1487580010100293687,,jessnail,0.94,438606371,9fba8518-7643-468c-b9d4-8f47d79ca8d4
2019-12-02 11:10:19 UTC,view,5846434,2151191071051219817,,,4.10,230930549,f4008d74-a3e8-49dd-9260-0be1aa9a713f
2019-12-02 11:10:21 UTC,cart,5854900,2089259162625114209,,irisk,0.63,564355839,9ef79bbf-2394-4b75-beae-7313a983edca
2019-12-02 11:10:23 UTC,view,5809926,1487580009445982239,,irisk,0.56,542686713,e09a683d-a579-4cc4-9a04-4b45e12332c9
2019-12-02 11:10:24 UTC,view,5815659,1487580006317032337,,,0.92,540269053,46a6e23b-0a8e-44a8-b22f-6568a85e3f5a
2019-12-02 11:10:24 UTC,view,5855093,2018287324474901238,furniture.bathroom.bath,,13.81,575546161,b03b53f8-f61e-4a2f-84e5-80bd994449ea
2019-12-02 11:10:25 UTC,cart,5854900,2089259162625114209,,irisk,0.63,564355839,9ef79bbf-2394-4b75-beae-7313a983edca
2019-12-02 11:10:25 UTC,cart,5746400,1487580005754995573,,,4.44,497255065,4e6264df-0901-43c5-9fe7-47599b723ac9
2019-12-02 11:10:26 UTC,view,5878252,2093602042093240877,,nefertiti,5.56,580789996,02f94888-720e-4658-bc5c-aa05ce585c1e
2019-12-02 11:10:29 UTC,cart,5651956,1487580007365608384,,,3.16,551322913,a388fc88-42ef-401e-bb13-fdc548506e3e
2019-12-02 11:10:30 UTC,cart,5797256,1638456119066100510,,pole,4.11,541411060,2c2d0d5a-fb5c-4ca2-8e60-8d2ead83ec4a
2019-12-02 11:10:31 UTC,cart,5875322,1487580010100293687,,,0.92,438606371,9fba8518-7643-468c-b9d4-8f47d79ca8d4
2019-12-02 11:10:33 UTC,cart,5904712,1487580007675986893,,,1.59,339866730,7941077e-ac3f-4980-920c-22b588c7e546
2019-12-02 11:10:34 UTC,view,5696900,2195085255034011676,,severina,6.35,519006467,797a9395-ab21-4f73-8223-9473ec2fafe4
2019-12-02 11:10:34 UTC,cart,5783930,1487580005595612013,,,2.06,580692484,53c70dcd-9877-4374-a5f5-86ec2e30c5bd
2019-12-02 11:10:35 UTC,view,5838629,1487580012121948301,,kinetics,37.30,580785312,9d5a1e4e-32ff-4c47-abb1-2bf5eac0cc8f
2019-12-02 11:10:35 UTC,view,5835369,1924049106385240809,,,4.13,580724549,d167c48a-a43c-48cb-a42a-2efd39b0938a
2019-12-02 11:10:37 UTC,purchase,5812931,1487580012121948301,,kinetics,10.32,526691011,256a93b4-7172-412e-85a0-e76bbc420a84
2019-12-02 11:10:37 UTC,purchase,5812937,1487580012121948301,,kinetics,10.32,526691011,256a93b4-7172-412e-85a0-e76bbc420a84
2019-12-02 11:10:37 UTC,purchase,5812938,1487580012121948301,,kinetics,10.32,526691011,256a93b4-7172-412e-85a0-e76bbc420a84
2019-12-02 11:10:37 UTC,purchase,5847580,1487580009445982239,,,4.70,526691011,256a93b4-7172-412e-85a0-e76bbc420a84
2019-12-02 11:10:37 UTC,view,5799897,1487580009051717646,,,24.29,580771802,bcefaf2c-f400-4709-a53f-97e4b11151f7
2019-12-02 11:10:38 UTC,view,5838726,1487580007365608384,,bluesky,3.97,551322913,a388fc88-42ef-401e-bb13-fdc548506e3e
2019-12-02 11:10:39 UTC,view,5819638,1487580008162526182,,,21.75,580795265,649b6c18-f3e2-44d9-86bb-0cd8482d713f
2019-12-02 11:10:41 UTC,cart,5760359,1487580009311764506,,zinger,3.67,580785022,c11dda32-b7b2-402b-a929-13336b526834
2019-12-02 11:10:42 UTC,view,5889159,2134354342373753638,,,3.49,569861572,45e5a9bb-0b4e-494d-b659-7f385d5f2ea5
2019-12-02 11:10:43 UTC,view,5677403,1487580008313521133,,estel,5.08,496217738,9c15b0ea-ea37-4b6c-96a3-218a2e3cf228
2019-12-02 11:10:44 UTC,view,5013,1487580008145748965,,runail,1.27,554646267,4f5f97bd-d6c8-479b-8fc8-fd26a53efe61
2019-12-02 11:10:44 UTC,view,5695629,1487580013841613016,,estel,6.59,524946689,d9700d9d-8a27-4a83-993f-32daf0ef0746
2019-12-02 11:10:44 UTC,view,27662,1487580009051717646,,runail,36.51,580797202,b98d9555-3b91-4844-875e-2c7038fa8dbf
2019-12-02 11:10:45 UTC,cart,5802432,1487580009286598681,,,0.32,574762520,ea2858ec-548f-443e-b002-92e087787fa5
2019-12-02 11:10:45 UTC,view,5810905,1487580008263189483,,,8.03,580796631,b0c79f4f-8a80-4df6-b39b-52902750d6c6
2019-12-02 11:10:46 UTC,view,4575,1487580006317032337,,,0.19,532752877,3d89bbb2-dff6-43bb-86c4-af661d9d427a
2019-12-02 11:10:46 UTC,purchase,38006,1487580013581566154,,refectocil,10.13,569552983,c2a6f109-4dec-453b-a49c-f214a2e6e982
2019-12-02 11:10:46 UTC,purchase,5304,1487580009471148064,,runail,0.32,569552983,c2a6f109-4dec-453b-a49c-f214a2e6e982
2019-12-02 11:10:46 UTC,purchase,5692892,2140803113261466607,,yoko,3.33,569552983,c2a6f109-4dec-453b-a49c-f214a2e6e982
2019-12-02 11:10:46 UTC,purchase,5759279,1487580013388628160,,irisk,1.11,569552983,c2a6f109-4dec-453b-a49c-f214a2e6e982
2019-12-02 11:10:46 UTC,purchase,5776131,1487580013472514244,,art-visage,2.70,569552983,c2a6f109-4dec-453b-a49c-f214a2e6e982
2019-12-02 11:10:46 UTC,purchase,5804660,1487580013581566154,,,5.40,569552983,c2a6f109-4dec-453b-a49c-f214a2e6e982
2019-12-02 11:10:46 UTC,purchase,5804662,1487580013581566154,,,5.40,569552983,c2a6f109-4dec-453b-a49c-f214a2e6e982
2019-12-02 11:10:46 UTC,purchase,5804662,1487580013581566154,,,5.40,569552983,c2a6f109-4dec-453b-a49c-f214a2e6e982
2019-12-02 11:10:46 UTC,purchase,5804663,1487580013581566154,,,1.90,569552983,c2a6f109-4dec-453b-a49c-f214a2e6e982
2019-12-02 11:10:46 UTC,purchase,5804665,1487580013581566154,,,5.40,569552983,c2a6f109-4dec-453b-a49c-f214a2e6e982
2019-12-02 11:10:46 UTC,purchase,5804667,1487580013581566154,,,5.40,569552983,c2a6f109-4dec-453b-a49c-f214a2e6e982
2019-12-02 11:10:46 UTC,purchase,5808501,1487580013388628160,,irisk,1.27,569552983,c2a6f109-4dec-453b-a49c-f214a2e6e982
2019-12-02 11:10:46 UTC,purchase,5825534,1487580013539623112,,,9.37,569552983,c2a6f109-4dec-453b-a49c-f214a2e6e982
2019-12-02 11:10:46 UTC,purchase,5846803,1487580013522845895,,browxenna,10.16,569552983,c2a6f109-4dec-453b-a49c-f214a2e6e982
2019-12-02 11:10:46 UTC,purchase,5848119,2140803113261466607,,,3.02,569552983,c2a6f109-4dec-453b-a49c-f214a2e6e982
2019-12-02 11:10:46 UTC,cart,5814960,1487580005050352469,,haruyama,3.97,577568986,4e3fd52f-fd4c-46dc-9adc-57fc1d4e58ea
2019-12-02 11:10:48 UTC,remove_from_cart,5760359,1487580009311764506,,zinger,3.67,580785022,c11dda32-b7b2-402b-a929-13336b526834
2019-12-02 11:10:49 UTC,cart,5838726,1487580007365608384,,bluesky,3.97,551322913,a388fc88-42ef-401e-bb13-fdc548506e3e
2019-12-02 11:10:51 UTC,view,5700046,1487580009286598681,,runail,0.40,369367923,b2d39855-2d07-44e5-afc5-2b20c74992ee
2019-12-02 11:10:51 UTC,view,5902747,1487580009445982239,,,13.97,289602858,31501765-dc17-473c-8b5d-89f404858007
2019-12-02 11:10:51 UTC,view,5713054,1487580008028308447,,,61.11,580797272,2ff8bb24-fda2-43e1-8fc0-9b946eb90b85
2019-12-02 11:10:52 UTC,view,5867615,1487580004916134735,,,5.22,497255065,4e6264df-0901-43c5-9fe7-47599b723ac9
2019-12-02 11:10:52 UTC,view,5822283,1487580005595612013,,,3.00,295654025,5e431d12-be1e-45d9-bf78-276313e6a246
2019-12-02 11:10:54 UTC,view,5852302,1487580008246412266,,kaypro,15.71,476577170,70133e39-54bc-4442-9378-27db1aa901a3
2019-12-02 11:10:55 UTC,view,5881616,2151191071051219817,,lovely,12.56,530472092,a2cc9482-f51b-49f7-92d9-a33f77bc9a3a
2019-12-02 11:10:55 UTC,cart,5843585,1783999071199952917,,,0.79,574321172,6eeb0821-c92d-4b27-9492-6d129f1e09fc
2019-12-02 11:10:58 UTC,cart,5889159,2134354342373753638,,,3.49,569861572,45e5a9bb-0b4e-494d-b659-7f385d5f2ea5
2019-12-02 11:10:59 UTC,view,5890148,2134354342373753638,,,3.97,569861572,45e5a9bb-0b4e-494d-b659-7f385d5f2ea5
2019-12-02 11:11:00 UTC,view,5772453,1602943681873052386,,grattol,4.76,368706069,5ea6b90f-36e3-4372-a2d2-1f8823ff07fc
2019-12-02 11:11:00 UTC,view,6730,1487580007256556476,,,7.92,577668304,197e0288-17a4-46c0-a987-211d258d9886
2019-12-02 11:11:00 UTC,cart,5843593,1783999071199952917,,,0.79,574321172,6eeb0821-c92d-4b27-9492-6d129f1e09fc
2019-12-02 11:11:00 UTC,cart,5846437,1487580013950664926,,browxenna,45.24,580796802,623192c1-32f0-421d-92b7-0302c026f470
2019-12-02 11:11:01 UTC,view,5860439,1897124478404526487,,,3.14,490458164,eca7cf69-0e0b-4be1-a635-1bbc285c7ea2
2019-12-02 11:11:02 UTC,cart,5862943,1487580007675986893,,freedecor,0.79,519196239,843a801f-4973-410e-9153-68608d3acda6
2019-12-02 11:11:02 UTC,cart,5687528,1487580013581566154,,estel,5.40,457568907,9a3d5175-eada-43ee-94a6-17f52095c661
2019-12-02 11:11:02 UTC,view,5713026,1487580007457883075,,f.o.x,3.67,510669236,ffa1d8b1-cb6b-4e23-9f83-1cecb395130e
2019-12-02 11:11:02 UTC,view,5860440,1897124478404526487,,,3.14,490458164,b4c4b066-607b-4fa4-bc96-29b6ce59f5c0
2019-12-02 11:11:04 UTC,cart,5769885,1487580013841613016,,kapous,3.65,432307851,093c7873-eb3f-4490-bc31-76188987602f
2019-12-02 11:11:04 UTC,view,5810672,1487580013069861041,,italwax,10.32,580797381,b38ec7d3-3c3f-4007-b0f6-ec89a1857e9f
2019-12-02 11:11:05 UTC,view,5733775,1487580005050352469,,haruyama,3.97,554646267,4f5f97bd-d6c8-479b-8fc8-fd26a53efe61
2019-12-02 11:11:06 UTC,view,5687529,1487580013581566154,,estel,2.70,457568907,9a3d5175-eada-43ee-94a6-17f52095c661
2019-12-02 11:11:06 UTC,cart,5881923,2106514244437541443,,freshbubble,3.97,580665421,6ab8ea34-48ac-65a5-3896-46c152d2f7ce
2019-12-02 11:11:08 UTC,view,5852297,1487580008246412266,,kaypro,22.86,476577170,6d0b69ff-ecef-4ca2-9952-55371ac52121
2019-12-02 11:11:08 UTC,view,5852298,1487580008246412266,,kaypro,14.76,476577170,ac96f8bd-d73b-423b-a054-4f8d700dbbd6
2019-12-02 11:11:09 UTC,view,5842151,1487580006317032337,,,1.59,550553424,c0c4a888-ad79-43f4-87b7-f42858258cad
2019-12-02 11:11:10 UTC,cart,5833334,1487580007675986893,,bpw.style,0.79,519196239,843a801f-4973-410e-9153-68608d3acda6
2019-12-02 11:11:10 UTC,view,5852293,1487580008246412266,,kaypro,14.76,476577170,2dbffb32-6d61-4eb4-a6f6-d5d8a8840c3d
2019-12-02 11:11:10 UTC,view,5890148,2134354342373753638,,,3.97,569861572,45e5a9bb-0b4e-494d-b659-7f385d5f2ea5
2019-12-02 11:11:10 UTC,view,5877453,1487580006300255120,,jessnail,54.29,580797436,ef8c21f4-2796-4de6-a6aa-89ba83a4d04d
2019-12-02 11:11:11 UTC,view,5838939,1487580005713052531,,ingarden,4.44,554646267,4f5f97bd-d6c8-479b-8fc8-fd26a53efe61
2019-12-02 11:11:12 UTC,cart,5844318,1487580006317032337,,,1.57,532752877,3d89bbb2-dff6-43bb-86c4-af661d9d427a
2019-12-02 11:11:12 UTC,cart,5843592,1783999071199952917,,,0.79,574321172,6eeb0821-c92d-4b27-9492-6d129f1e09fc
2019-12-02 11:11:13 UTC,cart,5848909,1487580007675986893,,bpw.style,0.79,519196239,843a801f-4973-410e-9153-68608d3acda6
2019-12-02 11:11:13 UTC,cart,5843836,1487580009286598681,,,0.38,574762520,ea2858ec-548f-443e-b002-92e087787fa5
2019-12-02 11:11:14 UTC,cart,5845267,1783999072332415142,,,14.29,548942498,018d1606-191f-439e-b512-894195020ed9
2019-12-02 11:11:14 UTC,view,5818481,1897124478404526487,,,3.14,490458164,21d4289e-8bf7-4b9b-85b9-1b602e234ab5
2019-12-02 11:11:15 UTC,view,5695532,1487580005595612013,,,3.33,576001960,044314bb-1bc4-47d0-a1b6-b732b8ef89c9
2019-12-02 11:11:16 UTC,cart,5844318,1487580006317032337,,,1.57,532752877,3d89bbb2-dff6-43bb-86c4-af661d9d427a
2019-12-02 11:11:16 UTC,view,5903597,1487580007835370453,,naomi,19.83,423182347,951a30fc-d756-47e6-900b-e8fdc95674a1
2019-12-02 11:11:16 UTC,view,5818482,1897124478404526487,,,3.14,490458164,388f5c1c-d76d-47b2-845e-96ce5d4c2f41
2019-12-02 11:11:17 UTC,cart,5815662,1487580006317032337,,,0.92,556943711,0536bb64-dd8a-4344-8b1e-c6dbc6cba6a9
2019-12-02 11:11:17 UTC,view,5855118,1487580005092295511,,,23.65,488890006,4e79aaa7-8936-41c2-a8c0-6cce8a2f79e4
2019-12-02 11:11:17 UTC,view,5753479,1487580013069861041,,italwax,2.68,580679547,cff3086d-46fe-4627-a16c-2e74c506493d
2019-12-02 11:11:18 UTC,view,5852289,1487580008246412266,,kaypro,17.62,476577170,2b7dae1b-0415-4021-8536-22186945d4bd
2019-12-02 11:11:18 UTC,view,5852292,1487580008246412266,,kaypro,22.86,476577170,6778e4e9-b08e-4656-be85-4c117425de1e
2019-12-02 11:11:19 UTC,view,3762,1487580005411062629,,cnd,19.37,529690635,e0007ca9-e852-4b1a-bce8-524ecc7885f2
2019-12-02 11:11:19 UTC,cart,5844318,1487580006317032337,,,1.57,532752877,3d89bbb2-dff6-43bb-86c4-af661d9d427a
2019-12-02 11:11:19 UTC,cart,5858910,1783999071199952917,,,0.79,574321172,6eeb0821-c92d-4b27-9492-6d129f1e09fc
2019-12-02 11:11:19 UTC,cart,5845570,1937169073007756269,,lovely,7.78,574762520,ea2858ec-548f-443e-b002-92e087787fa5
2019-12-02 11:11:20 UTC,remove_from_cart,5844318,1487580006317032337,,,1.57,532752877,3d89bbb2-dff6-43bb-86c4-af661d9d427a
2019-12-02 11:11:20 UTC,remove_from_cart,5844318,1487580006317032337,,,1.57,532752877,3d89bbb2-dff6-43bb-86c4-af661d9d427a
2019-12-02 11:11:20 UTC,view,5852288,1487580008246412266,,kaypro,26.19,476577170,d61cf9da-e094-4320-aa04-219497eb8190
2019-12-02 11:11:22 UTC,view,5852282,1487580008246412266,,kaypro,22.86,476577170,4a92dad0-0ac0-4ed1-a92d-c2fcc505694f
2019-12-02 11:11:24 UTC,remove_from_cart,5887687,1487580013254410426,,shik,10.32,567975023,ecb902a5-716d-4197-92ca-145e3fe6cd13
2019-12-02 11:11:24 UTC,remove_from_cart,5887687,1487580013254410426,,shik,10.32,567975023,ecb902a5-716d-4197-92ca-145e3fe6cd13
2019-12-02 11:11:24 UTC,view,5818495,1487580007457883075,,,3.00,510669236,71801057-d710-4468-8eee-eb116805cdd0
2019-12-02 11:11:25 UTC,cart,5843836,1487580009286598681,,,0.38,369367923,b2d39855-2d07-44e5-afc5-2b20c74992ee
2019-12-02 11:11:26 UTC,view,5697289,1487580010779770966,,,0.38,542686713,e09a683d-a579-4cc4-9a04-4b45e12332c9
2019-12-02 11:11:26 UTC,view,5734546,1487580005050352469,,haruyama,3.97,577568986,4e3fd52f-fd4c-46dc-9adc-57fc1d4e58ea
2019-12-02 11:11:26 UTC,view,5755170,1487580009387261981,,,2.79,580780265,28cad9bd-2fa0-4586-92e2-c78b9b5350ab
2019-12-02 11:11:28 UTC,view,5852283,1487580008246412266,,kaypro,14.76,476577170,6f8412c6-b298-48be-adaf-d3a38ac95272
2019-12-02 11:11:30 UTC,cart,5867615,1487580004916134735,,,5.22,497255065,4e6264df-0901-43c5-9fe7-47599b723ac9
2019-12-02 11:11:32 UTC,view,5724661,1487580005427839846,,irisk,2.48,533423121,3b42e4b7-bfd8-4a4e-a5f2-b6c577a0be52
2019-12-02 11:11:33 UTC,cart,5764731,1487580004916134735,,,4.57,542031485,8fbcca00-12c3-445f-a9e2-ed1942638fb4
2019-12-02 11:11:33 UTC,cart,5730212,1487580005268456287,,,10.63,544895372,55d56c82-0eb0-4cac-ac08-d45a0d99bf1c
2019-12-02 11:11:33 UTC,cart,5793107,1487580010100293687,,,1.90,438606371,9fba8518-7643-468c-b9d4-8f47d79ca8d4
2019-12-02 11:11:33 UTC,view,5848274,1487580009521479714,,polarus,28.25,489548402,e4299504-1b3b-41d9-a8d0-9d06ad644221
2019-12-02 11:11:34 UTC,view,5907895,1487580007675986893,,,1.59,560139485,35d87fc3-9b65-4e9a-8baf-4befd57b8905
2019-12-02 11:11:34 UTC,view,4185,1487580005411062629,,cnd,19.37,529690635,e0007ca9-e852-4b1a-bce8-524ecc7885f2
2019-12-02 11:11:34 UTC,cart,5751183,1511892746070131099,,uno,9.37,580761075,fc718cd6-132b-4f7e-ab86-d72d9bee4528
2019-12-02 11:11:34 UTC,cart,5812221,1487580005427839846,,irisk,2.48,580789077,0c15b162-9274-41ab-a15d-e92a3a6fb53f
2019-12-02 11:11:35 UTC,view,5825837,1542195323827388674,,,17.44,451022899,ba947250-5037-443e-a7fa-e5e1aac5789b
2019-12-02 11:11:36 UTC,cart,5843836,1487580009286598681,,,0.38,574762520,ea2858ec-548f-443e-b002-92e087787fa5
2019-12-02 11:11:36 UTC,view,5802162,1487580013069861041,,italwax,23.81,580797634,8ec43fb4-6a14-4e92-afbe-ab85504521bd
2019-12-02 11:11:37 UTC,view,5855282,2195085255034011676,,severina,1.73,554646267,4f5f97bd-d6c8-479b-8fc8-fd26a53efe61
2019-12-02 11:11:37 UTC,view,5764731,1487580004916134735,,,4.57,542031485,8fbcca00-12c3-445f-a9e2-ed1942638fb4
2019-12-02 11:11:37 UTC,view,5890131,1487580013279576251,,,4.33,567975023,ecb902a5-716d-4197-92ca-145e3fe6cd13
2019-12-02 11:11:39 UTC,cart,5730211,1487580005268456287,,,10.32,544895372,55d56c82-0eb0-4cac-ac08-d45a0d99bf1c
2019-12-02 11:11:41 UTC,remove_from_cart,5845570,1937169073007756269,,lovely,7.78,574762520,ea2858ec-548f-443e-b002-92e087787fa5
2019-12-02 11:11:41 UTC,remove_from_cart,5845570,1937169073007756269,,lovely,7.78,574762520,ea2858ec-548f-443e-b002-92e087787fa5
2019-12-02 11:11:41 UTC,view,40088,1487580011383750769,,swarovski,2.38,580748303,f48d86ec-c9be-4295-8c75-772972746a93
2019-12-02 11:11:42 UTC,view,5867412,1487580008246412266,,,20.63,556853627,0ac1730d-fc2b-4556-9613-072040fb37ba
2019-12-02 11:11:43 UTC,remove_from_cart,5843836,1487580009286598681,,,0.38,574762520,ea2858ec-548f-443e-b002-92e087787fa5
2019-12-10 17:02:32 UTC,view,5687155,1487580010645553231,,,5.89,582873105,7ebf39b4-de7e-40b4-b0fa-59bd890c6f87
2019-12-10 17:02:33 UTC,view,5911244,1487580007675986893,,dartnails,1.43,525316284,e19a0af9-8aa1-4771-b297-fdc61e9dbe41
2019-12-10 17:02:33 UTC,view,5824227,1487580013539623112,,,13.49,584911267,a4310491-4729-4ddb-bb6f-bd7f95e036c1
2019-12-10 17:02:34 UTC,cart,5866148,2055161088059638328,,,2.06,548176972,8062b962-630e-468f-bfb7-1bab78556d9b
2019-12-10 17:02:34 UTC,remove_from_cart,5711106,1487580005008409427,,f.o.x,5.73,572167857,c3a0efc0-a798-4e31-9cd9-61c2258672f6
2019-12-10 17:02:34 UTC,remove_from_cart,5711106,1487580005008409427,,f.o.x,5.73,572167857,c3a0efc0-a798-4e31-9cd9-61c2258672f6
2019-12-10 17:02:37 UTC,view,5803081,1487580013858390233,,kapous,3.81,584910005,267355f3-7c99-40b4-905f-ab996753f00f
2019-12-10 17:02:38 UTC,view,5797784,1638456119066100510,,pole,4.11,502940407,5750a82b-80ee-4bd7-8109-fc75b19a0bd7
2019-12-10 17:02:38 UTC,view,5902921,1487580005008409427,,f.o.x,4.52,572167857,c3a0efc0-a798-4e31-9cd9-61c2258672f6
2019-12-10 17:02:39 UTC,cart,5866153,2055161088059638328,,,2.06,548176972,8062b962-630e-468f-bfb7-1bab78556d9b
2019-12-10 17:02:40 UTC,cart,5761411,1487580007432717250,,ingarden,2.86,475595052,e8daf443-5d25-4d72-8587-73337552c055
2019-12-10 17:02:40 UTC,view,5910230,1487580004857414477,,lianail,6.33,571913307,0bd76e9a-7156-4a85-b513-95dcff8d2310
2019-12-10 17:02:41 UTC,cart,5876792,1487580010100293687,,jessnail,0.94,449905854,6796dbde-2b0f-4c2c-bcb5-e9f2e3c4a5cd
2019-12-10 17:02:41 UTC,cart,5687155,1487580010645553231,,,5.89,582873105,7ebf39b4-de7e-40b4-b0fa-59bd890c6f87
2019-12-10 17:02:41 UTC,cart,5687529,1487580013581566154,,estel,2.70,523151966,ec71c304-fddc-40ac-aeb3-b93ad8b2e4ef
2019-12-10 17:02:41 UTC,view,5820775,1487580006317032337,,,3.97,383662597,be6acd33-494d-434a-8cf3-86fbccab9738
2019-12-10 17:02:41 UTC,view,5696306,1487580013581566154,,estel,5.40,584910902,af528d6b-fa23-4250-85b7-a8509e1fea65
2019-12-10 17:02:42 UTC,cart,5837385,1933364344720982871,,,4.76,470050252,f9e86d6a-2b6f-45e4-8fdb-3fea79754676
2019-12-10 17:02:42 UTC,view,5813492,1487580005553668971,,,9.52,399502729,e38a02b2-d5b4-43d7-b5bb-991b1984d1dc
2019-12-10 17:02:43 UTC,view,5708653,1487580009605365797,,,1.67,582530115,d12107a7-74d4-4305-a07f-d2ada1dadce6
2019-12-10 17:02:44 UTC,view,5753821,1487580005008409427,,f.o.x,6.03,572167857,c3a0efc0-a798-4e31-9cd9-61c2258672f6
2019-12-10 17:02:45 UTC,cart,5896422,1487580009051717646,,jessnail,34.13,565152117,ac338b57-7398-ddfe-60c1-a79457325c07
2019-12-10 17:02:45 UTC,view,5899852,2115334439910245200,,,4.46,324379146,b536478e-7d5d-4287-8e4b-35a1ea8e5317
2019-12-10 17:02:45 UTC,view,5745711,1487580013950664926,,runail,35.08,527764486,5e5a84ac-7c34-ef0f-6bd4-9a9c746f5986
2019-12-10 17:02:46 UTC,cart,5800968,1487580005553668971,,,9.21,367708048,7267c536-cc61-4fc8-b36c-822be0a26a9f
2019-12-10 17:02:46 UTC,cart,5837422,1933364344720982871,,,4.76,470050252,f9e86d6a-2b6f-45e4-8fdb-3fea79754676
2019-12-10 17:02:46 UTC,cart,5866150,2055161088059638328,,,2.06,548176972,8062b962-630e-468f-bfb7-1bab78556d9b
2019-12-10 17:02:46 UTC,view,5670733,2196456817641391019,,,1.43,584911330,80674b79-dcf7-40f5-be73-24f5c961a634
2019-12-10 17:02:47 UTC,cart,5770523,1487580005511725929,,,5.56,528706572,f8bea629-6d63-488c-ae22-ab982ecabdc8
2019-12-10 17:02:47 UTC,view,5896418,1487580006300255120,,jessnail,49.21,584904749,27ba64e2-754a-437a-99ea-4c20f00b358d
2019-12-10 17:02:48 UTC,cart,5833318,1487580007675986893,,bpw.style,0.79,584911159,
2019-12-10 17:02:48 UTC,view,5911860,1487580007675986893,,dartnails,1.27,350214749,526e4f1c-0653-490a-a682-de534eec7f55
2019-12-10 17:02:48 UTC,view,5839667,1487580005671109489,,masura,2.37,553699633,2de3dbd1-b904-4117-95a5-8b86e3611e46
2019-12-10 17:02:48 UTC,view,5715618,1487580006300255120,,,79.35,584907012,bec444fe-f2eb-44f3-94e3-cf5a1b171bd4
2019-12-10 17:02:49 UTC,view,5911740,1487580005671109489,,masura,1.73,546151166,c79ee2db-160f-4f89-b477-f94cfb6a1f68
2019-12-10 17:02:49 UTC,view,5814066,1487580005855658874,,grattol,2.30,522066913,38181028-0ee0-4fb1-865b-a33bd83fc71b
2019-12-10 17:02:49 UTC,view,5726405,1487580005092295511,,,5.56,489557780,f06c3dc3-9394-418f-808d-71b10288fadf
2019-12-10 17:02:49 UTC,view,5781044,1487580008145748965,,irisk,5.71,567021949,da53adc7-a3c7-4a85-9972-bbb06cc58963
2019-12-10 17:02:50 UTC,view,5897978,1487580007675986893,,de.lux,1.59,427285432,d7771dc6-f129-47b0-87ee-acfb60161df1
2019-12-10 17:02:50 UTC,view,37049,1783999064136745198,,runail,3.25,584224559,f35e799e-6129-46fa-8ab0-ca46c7bcb689
2019-12-10 17:02:50 UTC,view,5809731,1487580005092295511,,uno,7.78,584891390,0a9d702e-c222-4020-ac0b-71206d56e1dc
2019-12-10 17:02:50 UTC,view,5550700,1487580008145748965,,,5.40,567021949,da53adc7-a3c7-4a85-9972-bbb06cc58963
2019-12-10 17:02:52 UTC,view,5772168,1487580009387261981,,grattol,3.97,584862849,5ff4ecbe-b4ef-437c-a0a1-a0e5636993b7
2019-12-10 17:02:52 UTC,view,5809910,1602943681873052386,,grattol,5.24,584911403,74eccfd0-2a2b-4cfa-b3ee-70ba610c1abf
2019-12-10 17:02:53 UTC,cart,5770525,1487580005511725929,,,5.56,528706572,f8bea629-6d63-488c-ae22-ab982ecabdc8
2019-12-10 17:02:54 UTC,cart,5906098,1487580007675986893,,bpw.style,1.59,568821415,7d61cb1c-c208-49e2-af88-68a34762c333
2019-12-10 17:02:54 UTC,remove_from_cart,5687861,1487580006409307030,,airnails,2.86,513098578,72b79ba4-f904-49a0-93cb-40f503429407
2019-12-10 17:02:54 UTC,remove_from_cart,5687861,1487580006409307030,,airnails,2.86,513098578,72b79ba4-f904-49a0-93cb-40f503429407
2019-12-10 17:02:55 UTC,remove_from_cart,5862943,1487580007675986893,,freedecor,0.79,513098578,72b79ba4-f904-49a0-93cb-40f503429407
2019-12-10 17:02:55 UTC,view,5843637,1487580005008409427,,f.o.x,6.03,572167857,c3a0efc0-a798-4e31-9cd9-61c2258672f6
2019-12-10 17:02:56 UTC,remove_from_cart,5862943,1487580007675986893,,freedecor,0.79,513098578,72b79ba4-f904-49a0-93cb-40f503429407
2019-12-10 17:02:57 UTC,cart,5911238,1487580007675986893,,dartnails,1.43,512012713,a41ccbb2-7596-40d1-9912-a3616ea8eff8
2019-12-10 17:02:58 UTC,cart,5886740,1487580006317032337,,,1.59,248780538,9e18ef8e-3e12-43f8-878a-dd807eac4371
2019-12-10 17:02:58 UTC,cart,5906119,1487580007675986893,,bpw.style,1.27,568821415,7d61cb1c-c208-49e2-af88-68a34762c333
2019-12-10 17:02:58 UTC,view,5733862,1487580005050352469,,haruyama,3.97,517473818,d0e916a6-2cbb-43b7-8a74-d59063175e19
2019-12-10 17:02:58 UTC,view,5910234,1487580004857414477,,lianail,6.33,571913307,0bd76e9a-7156-4a85-b513-95dcff8d2310
2019-12-10 17:02:59 UTC,view,5861157,1783999063314661546,,masura,11.10,481287126,87d71511-b54f-4c89-9a0e-ba437615f0bf
2019-12-10 17:02:59 UTC,view,5899845,2115334439910245200,,,4.02,584910934,167861b7-4b23-47f8-804b-99e21dddf5a2
2019-12-10 17:03:00 UTC,cart,5639721,1487580005595612013,,,4.21,584907975,bd08b8c6-a567-46e7-8700-63a0c69ada63
2019-12-10 17:03:00 UTC,remove_from_cart,5906098,1487580007675986893,,bpw.style,1.59,568821415,7d61cb1c-c208-49e2-af88-68a34762c333
2019-12-10 17:03:00 UTC,remove_from_cart,5906098,1487580007675986893,,bpw.style,1.59,568821415,7d61cb1c-c208-49e2-af88-68a34762c333
2019-12-10 17:03:00 UTC,view,5696306,1487580013581566154,,estel,5.40,584249828,e93dbd07-84a2-4596-9516-37e0444edb0f
2019-12-10 17:03:00 UTC,view,5826185,1891434214553813877,,,7.14,584911465,1af75b1c-115d-437c-a450-7ee5759a1085
2019-12-10 17:03:02 UTC,cart,5770529,1487580005511725929,,,5.56,528706572,f8bea629-6d63-488c-ae22-ab982ecabdc8
2019-12-10 17:03:02 UTC,cart,4649,1487580010796548183,,runail,0.38,544071450,1f4d8713-6bb6-421b-9d77-69232909ee77
2019-12-10 17:03:02 UTC,view,5645768,1487580007717929935,,,1.59,343247862,30ac234f-5399-4931-90f1-8195ccaa8b02
2019-12-10 17:03:02 UTC,view,5841728,1487580008187692007,,,1.71,242405309,be754d1d-2605-4191-ab1d-db772ed260bd
2019-12-10 17:03:02 UTC,view,5693029,1487580005511725929,,,5.56,568640449,4a0b6ab4-0fce-4ce6-9c31-14c1a67f5e10
2019-12-10 17:03:03 UTC,cart,5801039,1487580005553668971,,,9.21,367708048,7267c536-cc61-4fc8-b36c-822be0a26a9f
2019-12-10 17:03:03 UTC,view,5846437,1487580013950664926,,browxenna,45.24,584911486,d056d7a7-75b2-4605-8136-dc45e5dede50
2019-12-10 17:03:04 UTC,cart,5894910,1487580010100293687,,jessnail,1.10,449905854,6796dbde-2b0f-4c2c-bcb5-e9f2e3c4a5cd
2019-12-10 17:03:04 UTC,view,5877454,1487580006300255120,,jessnail,44.29,584904749,27ba64e2-754a-437a-99ea-4c20f00b358d
2019-12-10 17:03:05 UTC,view,5661283,1487580006317032337,,,6.98,504929807,f5ad30d3-e30e-41e4-a6d8-63b9247059eb
2019-12-10 17:03:06 UTC,view,5902961,1487580014009385185,,,11.05,478199265,d7ed4bf1-73c1-40b7-9aa1-eeab84cf8c23
2019-12-10 17:03:06 UTC,view,5911003,1487580007675986893,,runail,1.43,512012713,a41ccbb2-7596-40d1-9912-a3616ea8eff8
2019-12-10 17:03:06 UTC,view,5686083,1487580008145748965,,,0.79,580886540,1a1c89a9-47c3-41f2-a6a4-3c36bb352d11
2019-12-10 17:03:06 UTC,view,89343,2193074740619379535,furniture.living_room.cabinet,,299.81,584910916,c65f04a3-011c-4fdd-bf0f-b8100a16e396
2019-12-10 17:03:07 UTC,remove_from_cart,5687155,1487580010645553231,,,5.89,582873105,7ebf39b4-de7e-40b4-b0fa-59bd890c6f87
2019-12-10 17:03:07 UTC,view,5908242,1487580007675986893,,,1.43,389174097,fcae95bd-d217-4165-9328-c23ecb7e24d4
2019-12-10 17:03:07 UTC,view,5726398,1487580005092295511,,,5.56,489557780,f06c3dc3-9394-418f-808d-71b10288fadf
2019-12-10 17:03:09 UTC,view,5835114,1924049106385240809,,,5.71,400316237,80e1a07f-f5e3-4e06-bc72-8c5d4fd88460
2019-12-10 17:03:09 UTC,view,5844151,1487580009143992338,,,9.76,561195588,b2beca75-2db7-4716-a399-a6962560fd05
2019-12-10 17:03:09 UTC,view,5911853,1487580007675986893,,dartnails,1.27,350214749,526e4f1c-0653-490a-a682-de534eec7f55
2019-12-10 17:03:09 UTC,view,5843597,1783999071199952917,,,0.79,536100182,83812ebf-ee34-4ed7-bdd6-db7f857ba893
2019-12-10 17:03:09 UTC,view,5689170,1487580011585077370,,dizao,24.60,570310363,de15c928-82eb-48a1-a1e1-b6f44fe0bc6c
2019-12-10 17:03:09 UTC,view,35671,1487580013522845895,,,11.75,584908893,2d96c5e8-ea64-4650-9fec-98699bc2f267
2019-12-10 17:03:10 UTC,purchase,5751383,1487580005092295511,,uno,10.32,569782083,894afced-234d-8e52-25f0-5720dbc308f4
2019-12-10 17:03:10 UTC,purchase,5751422,1487580005268456287,,uno,10.95,569782083,894afced-234d-8e52-25f0-5720dbc308f4
2019-12-10 17:03:10 UTC,purchase,5789668,1487580005595612013,,,2.68,569782083,894afced-234d-8e52-25f0-5720dbc308f4
2019-12-10 17:03:10 UTC,purchase,5793704,1487580006509970331,,irisk,2.38,569782083,894afced-234d-8e52-25f0-5720dbc308f4
2019-12-10 17:03:10 UTC,purchase,5808322,1487580009362096156,,kapous,1.95,569782083,894afced-234d-8e52-25f0-5720dbc308f4
2019-12-10 17:03:10 UTC,purchase,5813899,1842735758805303837,,beauty-free,3.95,569782083,894afced-234d-8e52-25f0-5720dbc308f4
2019-12-10 17:03:10 UTC,purchase,5849033,1487580005092295511,,uno,10.32,569782083,894afced-234d-8e52-25f0-5720dbc308f4
2019-12-10 17:03:10 UTC,purchase,6737,2007399943458784057,apparel.glove,,5.24,569782083,894afced-234d-8e52-25f0-5720dbc308f4
2019-12-10 17:03:10 UTC,view,5830317,1487580009496313889,,,4.76,584911536,231eddff-c9dc-4d2d-a16a-57b08088276e
2019-12-10 17:03:11 UTC,cart,5848910,1487580007675986893,,bpw.style,0.79,568821415,7d61cb1c-c208-49e2-af88-68a34762c333
2019-12-10 17:03:12 UTC,cart,5550302,2195085255034011676,,,1.21,477502926,ff5655c1-6116-4d8d-8f8f-3a5b5696196d
2019-12-10 17:03:12 UTC,cart,5676827,1783999067156644376,,estel,7.30,522635221,62d1b732-215d-455d-bd9b-c0c1e0bdfe44
2019-12-10 17:03:13 UTC,cart,5787705,1487580005511725929,,,5.56,528706572,f8bea629-6d63-488c-ae22-ab982ecabdc8
2019-12-10 17:03:14 UTC,cart,5876073,1487580012574933146,,,5.24,580938912,8030ccc7-962d-d8f2-e21d-4340f562c4c5
2019-12-10 17:03:14 UTC,view,5836204,1487580013539623112,,irisk,13.49,501502106,a9422085-fee3-47d2-a641-b21a6857574c
2019-12-10 17:03:14 UTC,view,5803081,1487580013858390233,,kapous,3.81,584910005,bb5399fa-1fcd-4e0c-992b-3ff6f07fac93
2019-12-10 17:03:15 UTC,remove_from_cart,5814699,1783999068867920626,,smart,3.97,528919711,1b1b6ed8-9597-4a95-a0ac-14645905fbee
2019-12-10 17:03:15 UTC,remove_from_cart,5711120,1487580005008409427,,f.o.x,6.03,572167857,c3a0efc0-a798-4e31-9cd9-61c2258672f6
2019-12-10 17:03:15 UTC,remove_from_cart,5711120,1487580005008409427,,f.o.x,6.03,572167857,c3a0efc0-a798-4e31-9cd9-61c2258672f6
2019-12-10 17:03:16 UTC,cart,5785647,1487580007432717250,,milv,1.59,584898150,e83c7f07-515d-4de5-b3fa-de738ba42613
2019-12-10 17:03:16 UTC,cart,5670721,1487580010796548183,,,0.48,577628422,965dfca0-4e78-a9e6-1d53-a179e6e025b2
2019-12-10 17:03:16 UTC,view,5820774,1487580006317032337,,,4.76,431718969,883f464e-a870-4bf6-8555-c8525b96b389
2019-12-10 17:03:16 UTC,view,5723460,1487580010922377308,,,0.79,584892540,61be9179-4595-40ac-8b14-2e9d00672ec1
2019-12-10 17:03:17 UTC,cart,5906098,1487580007675986893,,bpw.style,1.59,403494446,a2af64dc-408d-4482-9af1-9f83e0eb9826
2019-12-10 17:03:17 UTC,view,5846437,1487580013950664926,,browxenna,45.24,567439757,b1f859fc-d6f2-4b87-a02e-d70f149152a6
2019-12-10 17:03:18 UTC,cart,6943,1783999064103190764,,runail,4.71,279899960,e96d3e1f-aa80-4e82-9844-cf318f191fb9
2019-12-10 17:03:18 UTC,cart,5550094,1487580005595612013,,,3.00,571595251,9cc2a700-b697-47b5-b357-06687bf8a44a
2019-12-10 17:03:18 UTC,cart,5787707,1487580005511725929,,,5.56,528706572,f8bea629-6d63-488c-ae22-ab982ecabdc8
2019-12-10 17:03:19 UTC,view,5773346,1487580005134238553,,runail,2.62,557956487,9b1cca2f-3073-4644-8526-364eed417716
2019-12-10 17:03:20 UTC,cart,5896157,1487580006451250072,,airnails,1.43,556694764,fa688d99-aa96-4190-bb3a-3d623a23d0d8
2019-12-10 17:03:21 UTC,cart,4967,1487580008187692007,,runail,2.41,556730379,0a399472-5947-460b-bc8f-afe87077e8d6
2019-12-10 17:03:21 UTC,remove_from_cart,5843637,1487580005008409427,,f.o.x,6.03,572167857,c3a0efc0-a798-4e31-9cd9-61c2258672f6
2019-12-10 17:03:22 UTC,remove_from_cart,5843637,1487580005008409427,,f.o.x,6.03,572167857,c3a0efc0-a798-4e31-9cd9-61c2258672f6
2019-12-10 17:03:22 UTC,view,5867041,1783999064136745198,,de.lux,2.86,584911606,a5dd6462-43bf-4be1-a65a-aa353ed06273
2019-12-10 17:03:23 UTC,remove_from_cart,5865800,1487580007432717250,,,0.95,584898150,e83c7f07-515d-4de5-b3fa-de738ba42613
2019-12-10 17:03:23 UTC,remove_from_cart,5865800,1487580007432717250,,,0.95,584898150,e83c7f07-515d-4de5-b3fa-de738ba42613
2019-12-10 17:03:23 UTC,view,5885420,1487580005092295511,,grattol,6.27,489557780,f06c3dc3-9394-418f-808d-71b10288fadf
2019-12-10 17:03:25 UTC,cart,5906119,1487580007675986893,,bpw.style,1.27,403494446,a2af64dc-408d-4482-9af1-9f83e0eb9826
2019-12-10 17:03:25 UTC,view,5793261,1487580010100293687,,,22.21,522906736,7e91f063-dd37-4bca-bc97-be65ff15fc7b
2019-12-10 17:03:25 UTC,view,5818392,1487580007675986893,,bpw.style,1.59,584911547,e2fe6c6a-8b45-4957-9769-6a4ed64ea757
2019-12-10 17:03:26 UTC,cart,5794056,1487580005511725929,,,5.56,528706572,f8bea629-6d63-488c-ae22-ab982ecabdc8
2019-12-10 17:03:26 UTC,remove_from_cart,5823909,1487580007432717250,,milv,1.59,584898150,e83c7f07-515d-4de5-b3fa-de738ba42613
2019-12-10 17:03:26 UTC,remove_from_cart,5823909,1487580007432717250,,milv,1.59,584898150,e83c7f07-515d-4de5-b3fa-de738ba42613
2019-12-10 17:03:27 UTC,purchase,34846,1487580012096782476,,ingarden,5.56,584885452,0218cf57-a191-4b0c-ba26-d118914f81a3
2019-12-10 17:03:27 UTC,purchase,5635523,1487580007675986893,,milv,0.79,584885452,0218cf57-a191-4b0c-ba26-d118914f81a3
2019-12-10 17:03:27 UTC,purchase,5635526,1487580007675986893,,milv,0.79,584885452,0218cf57-a191-4b0c-ba26-d118914f81a3
2019-12-10 17:03:27 UTC,purchase,5677025,1487580008246412266,,estel,7.94,584885452,0218cf57-a191-4b0c-ba26-d118914f81a3
2019-12-10 17:03:27 UTC,purchase,5677449,1487580008263189483,,estel,7.78,584885452,0218cf57-a191-4b0c-ba26-d118914f81a3
2019-12-10 17:03:27 UTC,purchase,5677451,1487580008263189483,,estel,7.78,584885452,0218cf57-a191-4b0c-ba26-d118914f81a3
2019-12-10 17:03:27 UTC,purchase,5833322,1487580007675986893,,bpw.style,1.27,584885452,0218cf57-a191-4b0c-ba26-d118914f81a3
2019-12-10 17:03:27 UTC,purchase,5862318,1487580007675986893,,freedecor,0.79,584885452,0218cf57-a191-4b0c-ba26-d118914f81a3
2019-12-10 17:03:27 UTC,purchase,5862327,1487580007675986893,,freedecor,0.79,584885452,0218cf57-a191-4b0c-ba26-d118914f81a3
2019-12-10 17:03:27 UTC,purchase,5866173,1487580007675986893,,,1.75,584885452,0218cf57-a191-4b0c-ba26-d118914f81a3
2019-12-10 17:03:27 UTC,purchase,5896451,1487580007675986893,,milv,1.59,584885452,0218cf57-a191-4b0c-ba26-d118914f81a3
2019-12-10 17:03:27 UTC,purchase,5900279,1487580007675986893,,freedecor,1.43,584885452,0218cf57-a191-4b0c-ba26-d118914f81a3
2019-12-10 17:03:27 UTC,purchase,5900613,1487580007675986893,,freedecor,0.79,584885452,0218cf57-a191-4b0c-ba26-d118914f81a3
2019-12-10 17:03:27 UTC,purchase,5906122,1487580007675986893,,bpw.style,0.79,584885452,0218cf57-a191-4b0c-ba26-d118914f81a3
2019-12-10 17:03:27 UTC,purchase,5907840,1487580007675986893,,,1.43,584885452,0218cf57-a191-4b0c-ba26-d118914f81a3
2019-12-10 17:03:27 UTC,purchase,5907850,1487580007675986893,,,1.43,584885452,0218cf57-a191-4b0c-ba26-d118914f81a3
2019-12-10 17:03:27 UTC,purchase,5908265,1487580007675986893,,,1.43,584885452,0218cf57-a191-4b0c-ba26-d118914f81a3
2019-12-10 17:03:27 UTC,purchase,5908274,1487580007675986893,,,1.43,584885452,0218cf57-a191-4b0c-ba26-d118914f81a3
2019-12-10 17:03:27 UTC,purchase,5911849,1487580007675986893,,dartnails,1.43,584885452,0218cf57-a191-4b0c-ba26-d118914f81a3
2019-12-10 17:03:27 UTC,view,5711134,1487580005008409427,,f.o.x,6.03,572167857,c3a0efc0-a798-4e31-9cd9-61c2258672f6
2019-12-10 17:03:27 UTC,view,5746011,1487580009051717646,,runail,34.92,573894611,ce9f513a-3529-4f91-aacf-92fcec74f5d9
2019-12-10 17:03:28 UTC,cart,5833332,1487580007675986893,,bpw.style,1.27,568821415,7d61cb1c-c208-49e2-af88-68a34762c333
2019-12-10 17:03:28 UTC,remove_from_cart,5587658,1487580008145748965,,roubloff,2.52,403494446,a2af64dc-408d-4482-9af1-9f83e0eb9826
2019-12-10 17:03:28 UTC,remove_from_cart,5587658,1487580008145748965,,roubloff,2.52,403494446,a2af64dc-408d-4482-9af1-9f83e0eb9826
2019-12-10 17:03:29 UTC,cart,5837389,1933364344720982871,,,4.76,470050252,f9e86d6a-2b6f-45e4-8fdb-3fea79754676
2019-12-10 17:03:29 UTC,view,5835114,1924049106385240809,,,5.71,400316237,80e1a07f-f5e3-4e06-bc72-8c5d4fd88460
2019-12-10 17:03:30 UTC,remove_from_cart,5726370,1487580005754995573,,,4.44,584898150,e83c7f07-515d-4de5-b3fa-de738ba42613
